codigo_usina,mes,volume_referencia
1,1,403.39
1,2,410.48
1,3,520.74
1,4,615.59
1,5,635.59
1,6,636.16
1,7,622.86
1,8,592.97
1,9,539.36
1,10,457.5
1,11,366.49
1,12,365.6
2,1,11.0
2,2,11.0
2,3,11.0
2,4,11.0
2,5,11.0
2,6,11.0
2,7,11.0
2,8,11.0
2,9,11.0
2,10,11.0
2,11,11.0
2,12,11.0
4,1,304.0
4,2,304.0
4,3,304.0
4,4,304.0
4,5,304.0
4,6,304.0
4,7,304.0
4,8,304.0
4,9,304.0
4,10,304.0
4,11,304.0
4,12,304.0
6,1,13010.83
6,2,14375.47
6,3,15110.18
6,4,15637.59
6,5,15733.53
6,6,15650.59
6,7,15283.31
6,8,14039.76
6,9,12771.57
6,10,11435.77
6,11,10592.1
6,12,10778.91
7,1,3050.2
7,2,3090.99
7,3,3143.45
7,4,3161.37
7,5,3103.01
7,6,3130.81
7,7,3102.19
7,8,3048.52
7,9,2997.81
7,10,2900.31
7,11,2794.36
7,12,2831.34
8,1,1423.0
8,2,1423.0
8,3,1423.0
8,4,1423.0
8,5,1423.0
8,6,1423.0
8,7,1423.0
8,8,1423.0
8,9,1423.0
8,10,1423.0
8,11,1423.0
8,12,1423.0
9,1,450.0
9,2,450.0
9,3,450.0
9,4,450.0
9,5,450.0
9,6,450.0
9,7,450.0
9,8,450.0
9,9,450.0
9,10,450.0
9,11,450.0
9,12,450.0
10,1,480.0
10,2,480.0
10,3,480.0
10,4,480.0
10,5,480.0
10,6,480.0
10,7,480.0
10,8,480.0
10,9,480.0
10,10,480.0
10,11,480.0
10,12,480.0
11,1,2244.0
11,2,2244.0
11,3,2244.0
11,4,2244.0
11,5,2244.0
11,6,2244.0
11,7,2244.0
11,8,2244.0
11,9,2244.0
11,10,2244.0
11,11,2244.0
11,12,2244.0
12,1,1524.0
12,2,1524.0
12,3,1524.0
12,4,1524.0
12,5,1524.0
12,6,1524.0
12,7,1524.0
12,8,1524.0
12,9,1524.0
12,10,1524.0
12,11,1524.0
12,12,1524.0
14,1,337.74
14,2,393.72
14,3,426.73
14,4,432.41
14,5,410.22
14,6,383.52
14,7,346.91
14,8,305.9
14,9,256.62
14,10,214.64
14,11,196.85
14,12,235.94
15,1,14.0
15,2,14.0
15,3,14.0
15,4,14.0
15,5,14.0
15,6,14.0
15,7,14.0
15,8,14.0
15,9,14.0
15,10,14.0
15,11,14.0
15,12,14.0
16,1,25.0
16,2,25.0
16,3,25.0
16,4,25.0
16,5,25.0
16,6,25.0
16,7,25.0
16,8,25.0
16,9,25.0
16,10,25.0
16,11,25.0
16,12,25.0
17,1,3230.41
17,2,3572.29
17,3,4180.47
17,4,4709.54
17,5,4687.9
17,6,4582.72
17,7,4145.2
17,8,3497.86
17,9,2792.78
17,10,2365.95
17,11,2221.86
17,12,2379.24
18,1,8024.39
18,2,8610.42
18,3,9049.8
18,4,9374.5
18,5,9542.52
18,6,9460.62
18,7,9096.09
18,8,8704.59
18,9,8085.52
18,10,7590.52
18,11,7384.9
18,12,7312.12
20,1,1196.68
20,2,1248.25
20,3,1451.7
20,4,1607.01
20,5,1502.95
20,6,1304.5
20,7,1418.09
20,8,1267.09
20,9,1056.75
20,10,931.2
20,11,865.16
20,12,1123.41
21,1,3032.28
21,2,3187.9
21,3,3419.28
21,4,3192.72
21,5,3526.5
21,6,3598.86
21,7,3277.92
21,8,3337.3
21,9,2927.71
21,10,2699.83
21,11,2671.12
21,12,2721.42
24,1,9465.09
24,2,10015.51
24,3,10372.93
24,4,10133.6
24,5,10348.87
24,6,10369.23
24,7,9696.79
24,8,9326.03
24,9,8784.24
24,10,8044.68
24,11,7174.13
24,12,8040.8
25,1,6067.9
25,2,6275.2
25,3,6744.97
25,4,7077.99
25,5,7071.7
25,6,7096.42
25,7,6962.72
25,8,6508.21
25,9,6120.27
25,10,5870.13
25,11,5770.99
25,12,5466.07
26,1,1068.97
26,2,1072.52
26,3,1073.7
26,4,1076.46
26,5,1078.65
26,6,1075.12
26,7,1064.64
26,8,1064.35
26,9,1066.64
26,10,1065.56
26,11,1073.12
26,12,1076.34
27,1,232.16
27,2,232.45
27,3,232.25
27,4,232.37
27,5,232.46
27,6,232.9
27,7,233.11
27,8,232.62
27,9,232.07
27,10,232.43
27,11,232.13
27,12,232.08
28,1,874.27
28,2,874.09
28,3,874.03
28,4,874.04
28,5,874.06
28,6,874.25
28,7,874.08
28,8,874.35
28,9,874.23
28,10,874.08
28,11,874.09
28,12,874.15
29,1,3160.28
29,2,3281.04
29,3,3496.74
29,4,3615.26
29,5,3613.43
29,6,3570.62
29,7,3496.16
29,8,3402.5
29,9,3282.43
29,10,3139.22
29,11,3055.29
29,12,3056.41
30,1,1092.02
30,2,1168.76
30,3,1285.95
30,4,1408.99
30,5,1402.95
30,6,1354.43
30,7,1292.85
30,8,1135.93
30,9,960.93
30,10,804.81
30,11,776.35
30,12,896.47
31,1,8324.01
31,2,8761.89
31,3,9436.06
31,4,10652.63
31,5,11483.59
31,6,11659.73
31,7,11205.53
31,8,10120.2
31,9,8806.43
31,10,7630.11
31,11,7109.99
31,12,6979.87
32,1,460.0
32,2,460.0
32,3,460.0
32,4,460.0
32,5,460.0
32,6,460.0
32,7,460.0
32,8,460.0
32,9,460.0
32,10,460.0
32,11,460.0
32,12,460.0
33,1,9532.97
33,2,10401.19
33,3,11163.47
33,4,11403.31
33,5,11235.34
33,6,10957.95
33,7,10681.38
33,8,10023.69
33,9,9380.25
33,10,8887.16
33,11,8657.14
33,12,9162.18
34,1,17914.64
34,2,18327.45
34,3,18984.29
34,4,19249.9
34,5,18980.37
34,6,18679.49
34,7,18459.26
34,8,18144.2
34,9,17961.53
34,10,17703.21
34,11,17584.57
34,12,17800.56
37,1,2330.11
37,2,2553.7
37,3,2847.19
37,4,2920.42
37,5,2943.1
37,6,2975.98
37,7,2869.87
37,8,2634.91
37,9,2430.41
37,10,2218.51
37,11,2091.75
37,12,2093.76
38,1,544.0
38,2,544.0
38,3,544.0
38,4,544.0
38,5,544.0
38,6,544.0
38,7,544.0
38,8,544.0
38,9,544.0
38,10,544.0
38,11,544.0
38,12,544.0
39,1,985.0
39,2,985.0
39,3,985.0
39,4,985.0
39,5,985.0
39,6,985.0
39,7,985.0
39,8,985.0
39,9,985.0
39,10,985.0
39,11,985.0
39,12,985.0
40,1,6416.22
40,2,6689.21
40,3,6955.42
40,4,7094.81
40,5,7160.8
40,6,7144.47
40,7,7023.98
40,8,6781.41
40,9,6515.48
40,10,6366.48
40,11,6154.76
40,12,6178.67
42,1,2720.0
42,2,2720.0
42,3,2720.0
42,4,2720.0
42,5,2720.0
42,6,2720.0
42,7,2720.0
42,8,2720.0
42,9,2720.0
42,10,2720.0
42,11,2720.0
42,12,2720.0
43,1,11981.9
43,2,12161.71
43,3,12575.89
43,4,12380.38
43,5,12169.85
43,6,11995.41
43,7,11917.3
43,8,11911.98
43,9,11623.45
43,10,11418.17
43,11,11251.71
43,12,11335.37
45,1,3354.0
45,2,3354.0
45,3,3354.0
45,4,3354.0
45,5,3354.0
45,6,3354.0
45,7,3354.0
45,8,3354.0
45,9,3354.0
45,10,3354.0
45,11,3354.0
45,12,3354.0
46,1,14894.25
46,2,14868.52
46,3,14869.5
46,4,14834.54
46,5,14876.84
46,6,14886.67
46,7,14805.51
46,8,14777.61
46,9,14849.4
46,10,14929.76
46,11,14877.2
46,12,14853.37
47,1,5575.41
47,2,5672.38
47,3,5804.31
47,4,5919.75
47,5,5858.88
47,6,5959.2
47,7,5973.45
47,8,5859.86
47,9,5678.4
47,10,5483.37
47,11,5401.15
47,12,5329.77
48,1,84.0
48,2,84.0
48,3,84.0
48,4,84.0
48,5,84.0
48,6,84.0
48,7,84.0
48,8,84.0
48,9,84.0
48,10,84.0
48,11,84.0
48,12,84.0
49,1,7300.11
49,2,7420.39
49,3,7523.13
49,4,7661.58
49,5,7708.26
49,6,7864.21
49,7,7946.48
49,8,7807.0
49,9,7602.99
49,10,7398.15
49,11,7247.11
49,12,7111.13
50,1,45.0
50,2,45.0
50,3,45.0
50,4,45.0
50,5,45.0
50,6,45.0
50,7,45.0
50,8,45.0
50,9,45.0
50,10,45.0
50,11,45.0
50,12,45.0
51,1,151.0
51,2,151.0
51,3,151.0
51,4,151.0
51,5,151.0
51,6,151.0
51,7,151.0
51,8,151.0
51,9,151.0
51,10,151.0
51,11,151.0
51,12,151.0
52,1,212.0
52,2,212.0
52,3,212.0
52,4,212.0
52,5,212.0
52,6,212.0
52,7,212.0
52,8,212.0
52,9,212.0
52,10,212.0
52,11,212.0
52,12,212.0
57,1,1957.18
57,2,1901.09
57,3,1980.05
57,4,1943.1
57,5,1892.58
57,6,2032.71
57,7,1997.97
57,8,1870.95
57,9,1808.62
57,10,1818.28
57,11,1923.21
57,12,1858.57
61,1,8524.29
61,2,8598.22
61,3,8641.76
61,4,8672.73
61,5,8692.27
61,6,9171.39
61,7,9612.84
61,8,9500.45
61,9,8879.36
61,10,8582.07
61,11,8454.79
61,12,8149.16
62,1,677.0
62,2,677.0
62,3,677.0
62,4,677.0
62,5,677.0
62,6,677.0
62,7,677.0
62,8,677.0
62,9,677.0
62,10,677.0
62,11,677.0
62,12,677.0
63,1,1918.0
63,2,1918.0
63,3,1918.0
63,4,1918.0
63,5,1918.0
63,6,1918.0
63,7,1918.0
63,8,1918.0
63,9,1918.0
63,10,1918.0
63,11,1918.0
63,12,1918.0
66,1,27312.67
66,2,27239.07
66,3,27649.03
66,4,28008.2
66,5,28244.12
66,6,28929.31
66,7,28789.46
66,8,28023.88
66,9,27634.76
66,10,27996.86
66,11,27691.24
66,12,27029.07
71,1,366.4
71,2,355.7
71,3,351.19
71,4,339.08
71,5,342.72
71,6,381.7
71,7,386.19
71,8,333.29
71,9,301.49
71,10,316.85
71,11,330.36
71,12,319.62
72,1,33.96
72,2,33.81
72,3,33.77
72,4,33.78
72,5,33.8
72,6,34.02
72,7,34.07
72,8,33.86
72,9,33.83
72,10,33.86
72,11,33.8
72,12,33.85
74,1,4422.99
74,2,4248.78
74,3,4155.15
74,4,4155.04
74,5,4044.95
74,6,4753.38
74,7,5137.37
74,8,4729.66
74,9,4090.8
74,10,4091.26
74,11,4237.84
74,12,3782.23
76,1,2852.36
76,2,2849.0
76,3,2845.36
76,4,2828.87
76,5,2821.79
76,6,2874.51
76,7,2878.73
76,8,2860.07
76,9,2821.7
76,10,2802.16
76,11,2845.72
76,12,2792.37
77,1,5438.36
77,2,5429.54
77,3,5334.59
77,4,5410.1
77,5,5348.54
77,6,5896.62
77,7,6151.14
77,8,6176.06
77,9,5833.46
77,10,5482.32
77,11,5403.59
77,12,5199.25
78,1,1124.0
78,2,1124.0
78,3,1124.0
78,4,1124.0
78,5,1124.0
78,6,1124.0
78,7,1124.0
78,8,1124.0
78,9,1124.0
78,10,1124.0
78,11,1124.0
78,12,1124.0
82,1,3573.0
82,2,3573.0
82,3,3573.0
82,4,3573.0
82,5,3573.0
82,6,3573.0
82,7,3573.0
82,8,3573.0
82,9,3573.0
82,10,3573.0
82,11,3573.0
82,12,3573.0
83,1,195.31
83,2,202.24
83,3,199.95
83,4,201.59
83,5,200.25
83,6,197.85
83,7,201.64
83,8,199.84
83,9,201.33
83,10,203.63
83,11,193.85
83,12,195.31
86,1,3963.1
86,2,3750.53
86,3,3639.68
86,4,3584.34
86,5,3638.87
86,6,4078.62
86,7,4387.6
86,8,4367.93
86,9,4194.25
86,10,4201.43
86,11,4271.4
86,12,3884.82
89,1,280.5
89,2,270.32
89,3,276.12
89,4,271.05
89,5,271.19
89,6,289.04
89,7,280.84
89,8,268.62
89,9,274.29
89,10,284.79
89,11,278.68
89,12,269.67
90,1,1433.85
90,2,1417.33
90,3,1412.16
90,4,1406.99
90,5,1424.92
90,6,1433.57
90,7,1428.56
90,8,1413.83
90,9,1410.53
90,10,1419.76
90,11,1406.11
90,12,1399.92
91,1,2946.39
91,2,2917.11
91,3,2857.4
91,4,2851.68
91,5,2876.66
91,6,3024.73
91,7,3116.17
91,8,3022.36
91,9,2917.87
91,10,2942.24
91,11,2896.79
91,12,2722.32
92,1,5100.0
92,2,5100.0
92,3,5100.0
92,4,5100.0
92,5,5100.0
92,6,5100.0
92,7,5100.0
92,8,5100.0
92,9,5100.0
92,10,5100.0
92,11,5100.0
92,12,5100.0
93,1,1340.19
93,2,1265.42
93,3,1154.9
93,4,1108.93
93,5,1108.58
93,6,1178.28
93,7,1346.13
93,8,1306.11
93,9,1296.43
93,10,1296.14
93,11,1324.7
93,12,1252.94
94,1,147.41
94,2,147.2
94,3,147.19
94,4,146.52
94,5,147.14
94,6,147.25
94,7,147.27
94,8,146.55
94,9,147.13
94,10,147.98
94,11,146.98
94,12,147.11
95,1,130.04
95,2,129.27
95,3,127.68
95,4,128.42
95,5,129.23
95,6,132.49
95,7,129.48
95,8,128.94
95,9,128.37
95,10,131.4
95,11,129.43
95,12,129.61
97,1,90.85
97,2,90.69
97,3,90.46
97,4,90.56
97,5,91.13
97,6,92.22
97,7,92.43
97,8,91.3
97,9,91.79
97,10,92.09
97,11,90.61
97,12,89.77
98,1,11.09
98,2,11.05
98,3,10.91
98,4,11.01
98,5,11.18
98,6,11.53
98,7,11.63
98,8,11.25
98,9,11.39
98,10,11.45
98,11,10.89
98,12,10.89
99,1,47.66
99,2,47.74
99,3,47.88
99,4,48.07
99,5,48.34
99,6,49.59
99,7,49.69
99,8,48.42
99,9,49.2
99,10,49.2
99,11,47.88
99,12,47.26
101,1,186.33
101,2,186.33
101,3,186.33
101,4,186.33
101,5,186.33
101,6,186.33
101,7,186.33
101,8,186.33
101,9,186.33
101,10,186.33
101,11,186.33
101,12,186.33
102,1,95.67
102,2,91.61
102,3,92.55
102,4,94.66
102,5,95.16
102,6,95.84
102,7,95.37
102,8,92.46
102,9,90.87
102,10,92.76
102,11,94.86
102,12,92.13
103,1,1465.98
103,2,1466.06
103,3,1463.12
103,4,1462.38
103,5,1460.49
103,6,1469.46
103,7,1469.78
103,8,1468.6
103,9,1466.97
103,10,1468.06
103,11,1466.32
103,12,1460.6
111,1,3004.11
111,2,2826.69
111,3,2644.48
111,4,2468.88
111,5,2430.53
111,6,2683.04
111,7,2973.12
111,8,3010.67
111,9,3022.1
111,10,3068.8
111,11,3105.25
111,12,2990.72
112,1,29.0
112,2,29.0
112,3,29.0
112,4,29.0
112,5,29.0
112,6,29.0
112,7,29.0
112,8,29.0
112,9,29.0
112,10,29.0
112,11,29.0
112,12,29.0
113,1,620.0
113,2,620.0
113,3,620.0
113,4,620.0
113,5,620.0
113,6,620.0
113,7,620.0
113,8,620.0
113,9,620.0
113,10,620.0
113,11,620.0
113,12,620.0
114,1,330.0
114,2,330.0
114,3,330.0
114,4,330.0
114,5,330.0
114,6,330.0
114,7,330.0
114,8,330.0
114,9,330.0
114,10,330.0
114,11,330.0
114,12,330.0
115,1,125.17
115,2,124.03
115,3,122.21
115,4,117.79
115,5,112.83
115,6,125.31
115,7,120.81
115,8,109.74
115,9,95.29
115,10,94.1
115,11,98.73
115,12,96.47
119,1,1.0
119,2,1.0
119,3,1.0
119,4,1.0
119,5,1.0
119,6,1.0
119,7,1.0
119,8,1.0
119,9,1.0
119,10,1.0
119,11,1.0
119,12,1.0
120,1,872.32
120,2,907.17
120,3,950.74
120,4,983.57
120,5,996.73
120,6,995.1
120,7,968.52
120,8,934.0
120,9,889.61
120,10,843.69
120,11,804.23
120,12,802.77
121,1,3287.95
121,2,3387.05
121,3,3485.81
121,4,3552.51
121,5,3549.26
121,6,3512.19
121,7,3431.43
121,8,3322.65
121,9,3203.43
121,10,3083.26
121,11,2994.62
121,12,3015.05
122,1,244.48
122,2,240.55
122,3,253.74
122,4,269.3
122,5,270.44
122,6,271.49
122,7,283.05
122,8,280.48
122,9,257.4
122,10,220.1
122,11,223.9
122,12,236.1
123,1,612.47
123,2,646.79
123,3,668.37
123,4,711.52
123,5,669.08
123,6,651.41
123,7,623.24
123,8,575.52
123,9,474.43
123,10,450.45
123,11,470.63
123,12,525.13
126,1,6.86
126,2,6.81
126,3,6.85
126,4,6.79
126,5,6.78
126,6,6.77
126,7,6.76
126,8,6.74
126,9,6.74
126,10,6.73
126,11,6.79
126,12,6.85
127,1,1.0
127,2,1.0
127,3,1.0
127,4,1.0
127,5,1.0
127,6,1.0
127,7,1.0
127,8,1.0
127,9,1.0
127,10,1.0
127,11,1.0
127,12,1.0
129,1,126.5
129,2,126.5
129,3,126.5
129,4,126.5
129,5,126.5
129,6,126.5
129,7,126.5
129,8,126.5
129,9,126.5
129,10,126.5
129,11,126.5
129,12,126.5
130,1,8.0
130,2,8.0
130,3,8.0
130,4,8.0
130,5,8.0
130,6,8.0
130,7,8.0
130,8,8.0
130,9,8.0
130,10,8.0
130,11,8.0
130,12,8.0
131,1,38.0
131,2,38.0
131,3,38.0
131,4,38.0
131,5,38.0
131,6,38.0
131,7,38.0
131,8,38.0
131,9,38.0
131,10,38.0
131,11,38.0
131,12,38.0
132,1,445.35
132,2,445.35
132,3,445.35
132,4,445.35
132,5,445.35
132,6,445.35
132,7,445.35
132,8,445.35
132,9,445.35
132,10,445.35
132,11,445.35
132,12,445.35
133,1,17.0
133,2,17.0
133,3,17.0
133,4,17.0
133,5,17.0
133,6,17.0
133,7,17.0
133,8,17.0
133,9,17.0
133,10,17.0
133,11,17.0
133,12,17.0
134,1,78.0
134,2,78.0
134,3,78.0
134,4,78.0
134,5,78.0
134,6,78.0
134,7,78.0
134,8,78.0
134,9,78.0
134,10,78.0
134,11,78.0
134,12,78.0
135,1,94.44
135,2,95.08
135,3,96.43
135,4,95.83
135,5,98.02
135,6,96.85
135,7,94.69
135,8,90.71
135,9,86.11
135,10,87.66
135,11,91.09
135,12,95.22
141,1,35.52
141,2,35.25
141,3,34.94
141,4,35.05
141,5,35.74
141,6,35.61
141,7,35.89
141,8,35.66
141,9,35.11
141,10,34.99
141,11,35.38
141,12,35.48
143,1,180.19
143,2,179.29
143,3,179.92
143,4,181.87
143,5,182.14
143,6,182.23
143,7,181.77
143,8,181.12
143,9,180.11
143,10,181.56
143,11,181.47
143,12,177.96
144,1,21.68
144,2,21.68
144,3,21.68
144,4,21.68
144,5,21.68
144,6,21.68
144,7,21.68
144,8,21.68
144,9,21.68
144,10,21.68
144,11,21.68
144,12,21.68
148,1,3813.8
148,2,3978.98
148,3,4019.54
148,4,4013.92
148,5,3950.57
148,6,3832.09
148,7,3831.19
148,8,3712.15
148,9,3582.5
148,10,3407.73
148,11,3307.75
148,12,3515.59
153,1,128.52
153,2,127.27
153,3,128.05
153,4,127.14
153,5,127.19
153,6,127.16
153,7,127.51
153,8,127.88
153,9,125.43
153,10,126.17
153,11,123.71
153,12,123.37
154,1,1634.0
154,2,1634.0
154,3,1634.0
154,4,1634.0
154,5,1634.0
154,6,1634.0
154,7,1634.0
154,8,1634.0
154,9,1634.0
154,10,1634.0
154,11,1634.0
154,12,1634.0
155,1,215.12
155,2,214.87
155,3,227.28
155,4,227.31
155,5,219.21
155,6,212.77
155,7,206.69
155,8,203.85
155,9,200.49
155,10,200.22
155,11,205.61
155,12,215.79
156,1,9279.59
156,2,10199.76
156,3,11632.75
156,4,12351.72
156,5,12110.29
156,6,11816.29
156,7,10968.63
156,8,10308.58
156,9,9470.98
156,10,8841.77
156,11,8568.21
156,12,8745.59
162,1,259.06
162,2,320.62
162,3,387.68
162,4,464.96
162,5,474.68
162,6,451.5
162,7,425.01
162,8,384.09
162,9,326.27
162,10,273.72
162,11,237.87
162,12,229.35
169,1,13913.06
169,2,13893.08
169,3,15823.2
169,4,18752.09
169,5,18319.37
169,6,17122.0
169,7,16268.95
169,8,14926.86
169,9,13069.32
169,10,11477.25
169,11,11105.44
169,12,12924.66
172,1,8446.83
172,2,8479.29
172,3,8485.61
172,4,8580.37
172,5,8794.42
172,6,8896.74
172,7,8800.53
172,8,8755.6
172,9,8714.29
172,10,8698.06
172,11,8584.62
172,12,8343.44
173,1,1226.0
173,2,1226.0
173,3,1226.0
173,4,1226.0
173,5,1226.0
173,6,1226.0
173,7,1226.0
173,8,1226.0
173,9,1226.0
173,10,1226.0
173,11,1226.0
173,12,1226.0
174,1,26.0
174,2,26.0
174,3,26.0
174,4,26.0
174,5,26.0
174,6,26.0
174,7,26.0
174,8,26.0
174,9,26.0
174,10,26.0
174,11,26.0
174,12,26.0
175,1,121.0
175,2,121.0
175,3,121.0
175,4,121.0
175,5,121.0
175,6,121.0
175,7,121.0
175,8,121.0
175,9,121.0
175,10,121.0
175,11,121.0
175,12,121.0
178,1,3800.0
178,2,3800.0
178,3,3800.0
178,4,3800.0
178,5,3800.0
178,6,3800.0
178,7,3800.0
178,8,3800.0
178,9,3800.0
178,10,3800.0
178,11,3800.0
178,12,3800.0
189,1,2897.99
189,2,2911.2
189,3,2913.03
189,4,2978.93
189,5,3006.08
189,6,2997.03
189,7,3002.18
189,8,2986.23
189,9,2947.54
189,10,2888.97
189,11,2853.1
189,12,2839.68
190,1,3912.29
190,2,4152.98
190,3,4510.39
190,4,4787.59
190,5,4909.62
190,6,4877.14
190,7,4734.16
190,8,4528.4
190,9,4237.68
190,10,3950.3
190,11,3769.92
190,12,3795.89
192,1,12.0
192,2,12.0
192,3,12.0
192,4,12.0
192,5,12.0
192,6,12.0
192,7,12.0
192,8,12.0
192,9,12.0
192,10,12.0
192,11,12.0
192,12,12.0
193,1,1.0
193,2,1.0
193,3,1.0
193,4,1.0
193,5,1.0
193,6,1.0
193,7,1.0
193,8,1.0
193,9,1.0
193,10,1.0
193,11,1.0
193,12,1.0
195,1,16.69
195,2,16.73
195,3,16.69
195,4,16.61
195,5,16.75
195,6,16.8
195,7,16.88
195,8,16.9
195,9,16.91
195,10,16.92
195,11,16.75
195,12,16.72
196,1,21.0
196,2,21.0
196,3,21.0
196,4,21.0
196,5,21.0
196,6,21.0
196,7,21.0
196,8,21.0
196,9,21.0
196,10,21.0
196,11,21.0
196,12,21.0
203,1,806.2
203,2,845.48
203,3,863.78
203,4,890.74
203,5,887.9
203,6,897.21
203,7,879.6
203,8,864.54
203,9,822.99
203,10,790.41
203,11,775.17
203,12,785.14
204,1,224.43
204,2,227.95
204,3,222.46
204,4,215.66
204,5,202.38
204,6,222.88
204,7,228.97
204,8,229.29
204,9,229.37
204,10,229.79
204,11,229.84
204,12,231.03
215,1,0.29
215,2,0.27
215,3,0.25
215,4,0.24
215,5,0.25
215,6,0.27
215,7,0.25
215,8,0.25
215,9,0.26
215,10,0.28
215,11,0.24
215,12,0.24
217,1,11.0
217,2,11.0
217,3,11.0
217,4,11.0
217,5,11.0
217,6,11.0
217,7,11.0
217,8,11.0
217,9,11.0
217,10,11.0
217,11,11.0
217,12,11.0
227,1,2041.8
227,2,2041.8
227,3,2041.8
227,4,2041.8
227,5,2041.8
227,6,2041.8
227,7,2041.8
227,8,2041.8
227,9,2288.71
227,10,2020.56
227,11,2034.73
227,12,2055.24
228,1,1466.59
228,2,1499.07
228,3,1476.41
228,4,1482.77
228,5,1488.84
228,6,1494.84
228,7,1507.03
228,8,1504.24
228,9,1497.26
228,10,1488.55
228,11,1482.43
228,12,1487.24
229,1,971.69
229,2,971.61
229,3,971.62
229,4,971.68
229,5,971.68
229,6,971.59
229,7,971.67
229,8,971.62
229,9,971.6
229,10,971.64
229,11,971.64
229,12,971.67
230,1,592.09
230,2,594.39
230,3,593.69
230,4,594.81
230,5,594.95
230,6,598.01
230,7,597.48
230,8,597.94
230,9,589.73
230,10,596.42
230,11,599.09
230,12,595.74
241,1,264.48
241,2,264.48
241,3,264.48
241,4,264.48
241,5,264.48
241,6,264.48
241,7,264.48
241,8,264.48
241,9,264.48
241,10,264.48
241,11,264.48
241,12,264.48
249,1,20.82
249,2,20.82
249,3,20.82
249,4,20.82
249,5,20.82
249,6,20.82
249,7,20.82
249,8,20.82
249,9,20.82
249,10,20.82
249,11,20.82
249,12,20.82
251,1,23933.06
251,2,25210.78
251,3,26396.64
251,4,27806.47
251,5,29134.99
251,6,28917.99
251,7,27648.05
251,8,26301.52
251,9,24667.75
251,10,22977.95
251,11,21579.12
251,12,21247.02
252,1,2300.0
252,2,2300.0
252,3,2300.0
252,4,2300.0
252,5,2300.0
252,6,2300.0
252,7,2300.0
252,8,2300.0
252,9,2300.0
252,10,2300.0
252,11,2300.0
252,12,2300.0
253,1,934.53
253,2,937.72
253,3,938.87
253,4,935.37
253,5,934.92
253,6,937.8
253,7,940.3
253,8,939.75
253,9,937.8
253,10,939.13
253,11,937.61
253,12,935.92
257,1,2518.85
257,2,2528.72
257,3,2580.27
257,4,2590.27
257,5,2539.91
257,6,2501.13
257,7,2505.3
257,8,2490.43
257,9,2442.67
257,10,2434.71
257,11,2471.76
257,12,2476.85
261,1,4940.0
261,2,4940.0
261,3,4940.0
261,4,4940.0
261,5,4940.0
261,6,4940.0
261,7,4940.0
261,8,4940.0
261,9,4940.0
261,10,4940.0
261,11,4940.0
261,12,4940.0
262,1,826.06
262,2,826.06
262,3,826.06
262,4,826.06
262,5,826.06
262,6,826.06
262,7,826.06
262,8,826.06
262,9,826.06
262,10,826.06
262,11,826.06
262,12,826.06
267,1,5400.0
267,2,5400.0
267,3,5400.0
267,4,5400.0
267,5,5400.0
267,6,5400.0
267,7,5400.0
267,8,5400.0
267,9,5400.0
267,10,5400.0
267,11,5400.0
267,12,5400.0
272,1,365.81
272,2,420.72
272,3,507.07
272,4,557.51
272,5,577.36
272,6,582.53
272,7,565.06
272,8,513.47
272,9,432.57
272,10,342.01
272,11,292.62
272,12,291.52
275,1,26412.02
275,2,36029.83
275,3,45332.43
275,4,49240.45
275,5,49708.03
275,6,48898.11
275,7,46938.01
275,8,41585.7
275,9,32784.58
275,10,24614.67
275,11,21115.1
275,12,21004.72
276,1,335.92
276,2,401.55
276,3,437.01
276,4,452.47
276,5,444.29
276,6,435.66
276,7,401.9
276,8,347.35
276,9,286.56
276,10,268.51
276,11,258.05
276,12,278.27
277,1,13592.18
277,2,13671.22
277,3,14154.33
277,4,15375.03
277,5,17048.4
277,6,17853.23
277,7,17851.52
277,8,17556.04
277,9,16632.37
277,10,15374.62
277,11,14807.29
277,12,14211.34
278,1,6077.95
278,2,6461.3
278,3,6774.86
278,4,6956.2
278,5,6921.01
278,6,6786.84
278,7,6593.07
278,8,6375.51
278,9,6158.04
278,10,5964.53
278,11,5850.49
278,12,5919.93
279,1,1850.45
279,2,2645.57
279,3,3082.02
279,4,3267.39
279,5,3054.85
279,6,2802.83
279,7,2389.99
279,8,1788.48
279,9,1475.55
279,10,1407.35
279,11,1308.29
279,12,1293.97
280,1,134.22
280,2,134.09
280,3,134.01
280,4,134.14
280,5,134.15
280,6,133.95
280,7,133.72
280,8,134.95
280,9,136.81
280,10,136.76
280,11,134.33
280,12,130.85
281,1,199.0
281,2,199.0
281,3,199.0
281,4,199.0
281,5,199.0
281,6,199.0
281,7,199.0
281,8,199.0
281,9,199.0
281,10,199.0
281,11,199.0
281,12,199.0
283,1,146.0
283,2,146.0
283,3,146.0
283,4,146.0
283,5,146.0
283,6,146.0
283,7,146.0
283,8,146.0
283,9,146.0
283,10,146.0
283,11,146.0
283,12,146.0
284,1,126.94
284,2,121.48
284,3,121.56
284,4,123.66
284,5,123.96
284,6,122.8
284,7,122.69
284,8,123.95
284,9,126.12
284,10,126.83
284,11,128.81
284,12,126.75
285,1,2326.48
285,2,2351.81
285,3,2411.95
285,4,2481.69
285,5,2558.71
285,6,2281.46
285,7,1696.06
285,8,1334.61
285,9,1242.34
285,10,1262.75
285,11,1439.67
285,12,1931.85
286,1,121.3
286,2,123.56
286,3,133.27
286,4,144.99
286,5,150.52
286,6,139.09
286,7,131.84
286,8,123.78
286,9,120.06
286,10,118.43
286,11,116.58
286,12,119.7
287,1,2094.47
287,2,2066.76
287,3,2067.94
287,4,2078.77
287,5,2101.64
287,6,2135.32
287,7,2117.09
287,8,2076.72
287,9,2064.71
287,10,2050.1
287,11,2073.98
287,12,2115.14
288,1,4737.29
288,2,4762.55
288,3,4709.21
288,4,4732.38
288,5,4723.16
288,6,4735.46
288,7,4744.23
288,8,4518.63
288,9,4277.48
288,10,4066.39
288,11,4263.48
288,12,4589.11
290,1,96.27
290,2,120.11
290,3,150.66
290,4,155.25
290,5,147.82
290,6,123.18
290,7,121.26
290,8,119.44
290,9,99.48
290,10,92.08
290,11,92.82
290,12,107.98
304,1,5.0
304,2,5.0
304,3,5.0
304,4,5.0
304,5,5.0
304,6,5.0
304,7,5.0
304,8,5.0
304,9,5.0
304,10,5.0
304,11,5.0
304,12,5.0
305,1,1.0
305,2,1.0
305,3,1.0
305,4,1.0
305,5,1.0
305,6,1.0
305,7,1.0
305,8,1.0
305,9,1.0
305,10,1.0
305,11,1.0
305,12,1.0
310,1,0.12
310,2,0.12
310,3,0.12
310,4,0.12
310,5,0.12
310,6,0.12
310,7,0.12
310,8,0.12
310,9,0.12
310,10,0.12
310,11,0.12
310,12,0.12
311,1,215.32
311,2,214.28
311,3,223.38
311,4,216.69
311,5,212.03
311,6,210.6
311,7,209.49
311,8,208.81
311,9,204.98
311,10,207.43
311,11,211.49
311,12,209.29
312,1,322.05
312,2,319.94
312,3,330.87
312,4,327.97
312,5,324.04
312,6,322.13
312,7,316.78
312,8,315.54
312,9,314.27
312,10,313.49
312,11,319.17
312,12,319.81
314,1,4737.29
314,2,4762.55
314,3,4709.21
314,4,4732.38
314,5,4723.16
314,6,4735.46
314,7,4744.23
314,8,4518.63
314,9,4277.48
314,10,4066.39
314,11,4263.48
314,12,4589.11
315,1,95.33
315,2,95.33
315,3,95.33
315,4,95.33
315,5,95.33
315,6,95.33
315,7,95.33
315,8,95.33
315,9,95.33
315,10,95.33
315,11,95.33
315,12,95.33
