data,6,7,17,18,24,25,31,33,37,40,47,49,61,122
nome,FURNAS,M. DE MORAES,MARIMBONDO,A. VERMELHA,EMBORCACAO,NOVA PONTE,ITUMBIARA,SAO SIMAO,BARRA BONITA,PROMISSAO,A.A. LAYDNER,CHAVANTES,CAPIVARA,SANTA BRANCA
2015_12_rv0,95.82,80,81.33,84.48,97.59,97.95,94.34,83.07,99.22,87.83,100,100,100,97.37
2015_12_rv1,94.94,80,79.54,82.43,96.59,97.21,91.06,80.79,92.99,81.63,99.37,99.34,100,97.37
2015_12_rv2,94.41,80,79.54,82.43,96.56,97.18,90.95,80.79,90.26,81.63,99.37,99.34,83.4,92.11
2015_12_rv3,94.4,80,79.18,82.01,96.74,97.31,91.54,80.34,90.26,68.61,95.32,95.33,83.4,92.11
2016_01_rv0,94.59,80,78.84,81.64,97.01,97.51,92.44,74.13,89.87,55.36,88.09,88.06,83.4,92.11
2016_01_rv1,94.59,80,78.88,72.34,97.01,97.51,92.44,65.16,90.26,55.36,87.36,88.06,83.4,92.11
2016_01_rv2,94.88,80,78.88,72.34,97.01,97.51,92.44,65.81,90.65,55.36,85.78,74.05,83.4,92.11
2016_01_rv3,95.17,81,78.92,68,97.17,97.64,92.97,69.93,91.04,55.36,85.78,74.05,83.4,92.11
2016_01_rv4,95.52,81.12,79.03,68,97.2,97.66,93.09,69.93,91.43,56.58,84.36,74.05,83.4,89.47
2016_02_rv0,95.75,81.24,79.11,81.93,97.34,97.76,93.52,69.93,91.82,56.58,85.78,74.05,83.4,84.21
2016_02_rv1,96.27,82.32,80.02,82.98,97.44,97.83,93.86,72.96,92.21,78.9,85.78,96.71,95.06,86.84
2016_02_rv2,96.27,83.16,80.72,83.77,97.52,97.89,94.11,79.35,92.6,80.87,87.36,97.7,95.06,94.74
2016_02_rv3,96.68,84.12,81.54,84.72,97.61,97.96,94.41,83.32,92.99,88.02,87.36,97.7,95.06,94.74
2016_03_rv0,97.29,85.84,82.97,86.36,97.77,98.08,94.94,85.13,93.37,89.29,88.31,96.05,95.06,94.74
2016_03_rv1,97.32,87.64,84.49,88.1,97.94,98.21,95.5,87.04,93.76,90.65,88.31,96.71,95.06,94.74
2016_03_rv2,97.32,89.2,85.78,89.57,98.09,98.31,95.98,88.65,94.93,91.78,91.47,97.37,100,94.74
2016_03_rv3,97.49,90.88,87.19,91.2,98.24,98.43,96.49,90.43,94.93,93,94.94,97.37,100,97.37
2016_04_rv0,98.12,92.28,88.35,92.53,98.37,98.53,96.92,91.9,94.93,94.03,100,100,100,97.37
2016_04_rv1,98.26,93.36,89.26,93.58,98.48,98.6,97.25,93.03,95.32,94.83,100,100,100,97.37
2016_04_rv2,98.52,95.32,90.91,95.45,98.65,98.74,97.86,95.11,97.66,96.29,100,100,100,100
2016_04_rv3,99.81,98.52,93.71,97.6,99.86,99.89,98.55,97.45,97.66,97.93,100,100,100,100
2016_04_rv4,100,100,95,100,100,100,100,100,98.05,100,100,100,100,100
2016_05_rv0,100,100,95,100,100,100,100,100,98.44,100,100,100,100,100
2016_05_rv1,100,100,95,100,100,100,100,100,98.44,100,96.62,96.61,100,100
2016_05_rv2,100,100,95,100,100,100,100,100,98.44,100,90.96,90.99,100,100
2016_05_rv3,100,100,95,100,100,100,100,100,98.44,100,85.78,92.44,100,100
2016_06_rv0,100,100,95,100,100,100,100,100,98.83,100,85.78,91.12,100,100
2016_06_rv1,100,100,95,100,100,100,100,100,99.61,100,85.78,92.44,100,100
2016_06_rv2,100,100,95,100,100,100,100,100,100,100,85.78,92.44,100,100
2016_06_rv3,100,100,95,100,100,100,100,100,100,100,90.17,90.17,100,100
2016_07_rv0,100,100,95,100,100,100,100,100,100,100,91.79,91.78,100,100
2016_07_rv1,100,100,95,100,100,100,100,100,100,100,91.79,91.78,100,100
2016_07_rv2,100,100,95,100,100,100,100,100,100,100,89.86,89.84,100,100
2016_07_rv3,100,100,95,100,100,100,100,100,100,100,90.65,90.66,100,100
2016_07_rv4,100,100,95,100,100,100,100,100,100,100,94.38,94.34,100,100
2016_08_rv0,100,100,95,100,100,100,100,100,100,100,98.07,98.06,100,100
2016_08_rv1,100,100,95,100,100,100,100,100,100,100,100,100,100,100
2016_08_rv2,100,100,95,100,100,100,100,100,100,100,100,100,100,100
2016_08_rv3,100,100,95,100,100,100,100,100,100,100,100,100,100,100
2016_09_rv0,100,100,95,100,100,100,100,100,100,100,100,100,100,100
2016_09_rv1,100,100,95,100,100,100,100,100,100,100,97.25,97.27,100,100
2016_09_rv2,100,100,95,100,100,100,100,100,100,100,94.38,94.34,100,100
2016_09_rv3,100,100,95,100,100,100,100,100,100,100,94.38,94.34,100,100
2016_09_rv4,100,100,95,100,100,100,100,100,100,100,90.33,90.33,100,100
2016_10_rv0,100,100,95,100,100,100,100,100,100,100,88.4,88.39,100,100
2016_10_rv1,100,100,95,100,100,100,100,100,100,100,92.76,92.73,100,100
2016_10_rv2,100,100,95,100,100,100,100,100,100,100,95.99,95.96,100,100
2016_10_rv3,100,100,95,100,100,100,100,100,100,100,98.07,98.06,100,100
2016_11_rv0,100,100,95,100,100,100,100,100,100,100,97.25,94.84,94.84,45.06
2016_11_rv1,99.76,99.76,93.42,98.2,99.82,99.87,99.42,98.01,99.26,98.64,96.49,92.17,92.17,44.27
2016_11_rv2,97.9,97.9,81.43,84.45,98.48,98.87,95.01,82.92,93.73,88.06,96.49,92.17,92.17,44.27
2016_11_rv3,96.64,96.64,73.31,74.42,97.58,98.19,92.01,72.69,89.98,79.89,93.68,87.04,87.04,44.27
2016_12_rv0,96.53,96.53,72.64,73.38,97.51,98.14,91.78,71.81,89.67,79.32,93.68,87.04,87.04,44.27
2016_12_rv1,95.99,95.99,71.5,72.51,97.38,98.04,91.34,70.42,89.17,78.29,90.93,84.51,84.51,44.27
2016_12_rv2,95.99,95.99,71.5,72.06,97.38,98.04,91.27,69.42,89.17,78.29,90.93,84.51,84.51,39.01
2016_12_rv3,94.64,94.64,70.49,72.06,96.38,97.04,90.35,69.42,88.15,78.29,88.4,81.98,81.98,39.01
2016_12_rv4,95.41,95.41,70.49,72.06,97.21,97.92,90.8,69.42,88.46,78.29,86.41,81.98,81.98,39.01
2017_01_rv0,95.41,95.41,70,71.35,97.21,97.92,90.8,68.56,88.46,78.01,86.41,79.61,79.61,39.01
2017_01_rv1,95.99,95.99,70.15,71.52,97.73,98.04,90.85,68.74,88.54,78.1,86.41,79.61,79.61,39.01
2017_01_rv2,96.4,96.4,70.15,71.52,97.73,98.04,90.85,68.74,88.54,78.1,86.41,74.05,74.05,39.01
2017_01_rv3,96.46,96.46,70.15,71.52,97.73,98.04,90.85,68.74,88.54,78.1,86.41,74.05,74.05,36.37
2017_02_rv0,96.81,96.81,71.48,73.05,97.73,98.04,91.34,70.42,89.17,79.28,86.41,74.05,74.05,36.37
2017_02_rv1,96.84,96.84,74.64,76.67,97.73,98.3,92.5,74.37,90.61,81.2,87.99,91.42,91.42,36.37
2017_02_rv2,97.09,97.09,76.25,78.51,97.91,98.44,93.09,76.41,91.35,83.51,87.99,91.42,91.42,39.01
2017_02_rv3,97.34,97.34,77.85,80.34,98.09,98.57,93.69,78.43,92.09,84.92,91.79,91.42,91.42,39.01
2017_03_rv0,97.71,97.71,80.19,83.03,98.35,98.77,94.55,81.37,93.18,86.98,91.79,92.27,92.27,41.64
2017_03_rv1,97.91,97.91,81.54,84.58,98.5,98.88,95.05,83.07,93.8,88.16,93.36,95.73,95.73,44.27
2017_03_rv2,98.12,98.12,82.91,86.13,98.65,98.99,95.54,84.78,94.43,89.33,93.36,98.03,98.03,44.27
2017_03_rv3,98.4,98.4,84.68,88.16,98.85,99.14,96.19,87,95.25,90.88,94.63,98.03,98.03,44.27
2017_03_rv4,98.72,98.72,86.75,90.54,99.08,99.32,96.96,89.62,95.71,92.76,97.88,98.03,98.03,44.27
2017_04_rv0,98.94,98.94,88.17,92.16,99.24,99.43,97.49,91.41,95.71,94.36,97.88,94.77,94.77,44.27
2017_04_rv1,99.23,99.23,90.06,94.33,99.45,99.59,98.18,93.77,95.71,95.72,97.88,92.17,92.17,46.9
2017_04_rv2,99.7,99.7,93.04,97.76,99.78,99.84,99.28,97.53,95.71,98.26,95.07,92.17,92.17,46.9
2017_04_rv3,99.78,99.78,93.57,98.36,99.84,99.88,99.47,98.19,95.71,98.73,92.29,89.61,89.61,46.9
2017_05_rv0,100,100,95,100,100,100,100,100,95.71,100,90.93,89.61,100,100
2017_05_rv1,100,100,95,100,100,100,100,100,95.71,100,86.95,86.95,100,100
2017_05_rv2,100,100,95,100,100,100,100,100,95.71,100,86.95,86.95,100,100
2017_05_rv3,100,100,95,100,100,100,100,100,95.71,100,86.95,86.95,100,100
2017_06_rv0,100,100,95,100,100,100,100,100,96.49,100,86.95,86.95,100,100
2017_06_rv1,100,100,95,100,100,100,100,100,98.83,100,86.95,86.95,100,100
2017_06_rv2,100,100,95,100,100,100,100,100,98.83,100,86.95,86.95,100,100
2017_06_rv3,100,100,95,100,100,100,100,100,99.22,100,88.09,88.06,100,100
2017_06_rv4,100,100,95,100,100,100,100,100,100,100,88.88,88.89,100,100
2017_07_rv0,100,100,95,100,100,100,100,100,100,100,88.88,88.89,100,100
2017_07_rv1,100,100,95,100,100,100,100,100,100,100,88.88,88.89,100,100
2017_07_rv2,100,100,95,100,100,100,100,100,100,100,90.33,90.33,100,100
2017_07_rv3,100,100,95,100,100,100,100,100,100,100,94.03,94.05,100,100
2017_08_rv0,100,100,95,100,100,100,100,100,100,100,96.15,96.12,100,100
2017_08_rv1,100,100,95,100,100,100,100,100,100,100,97.79,98.03,100,100
2017_08_rv2,100,100,95,100,100,100,100,100,100,100,97.79,98.03,100,100
2017_08_rv3,100,100,95,100,100,100,100,100,100,100,97.79,98.03,100,100
2017_09_rv0,100,100,95,100,100,100,100,100,100,100,97.79,98.03,100,100
2017_09_rv1,100,100,95,100,100,100,100,100,100,100,97.79,98.03,100,100
2017_09_rv2,100,100,95,100,100,100,100,100,100,100,97.79,98.03,100,100
2017_09_rv3,100,100,95,100,100,100,100,100,100,100,96.3,96.28,100,100
2017_09_rv4,100,100,95,100,100,100,100,100,100,100,96.3,96.28,100,100
2017_10_rv0,100,100,95,100,100,100,100,100,100,100,93.68,94.67,100,100
2017_10_rv1,100,100,95,100,100,100,100,100,100,100,93.68,94.67,100,100
2017_10_rv2,100,100,95,100,100,100,100,100,100,100,93.68,94.84,100,100
2017_10_rv3,100,100,95,100,100,100,100,100,100,100,97.25,94.84,100,100
2017_11_rv0,100,100,95,100,100,100,100,100,100,100,96.34,94.9,100,45.06
2017_11_rv1,99.98,99.84,94.89,99.86,99.98,99.99,99.96,99.86,99.96,99.91,94.94,92.18,100,44.27
2017_11_rv2,98.86,91.24,87.68,91.6,99.18,99.39,97.3,90.78,96.61,93.56,94.94,92.18,100,44.27
2017_11_rv3,97.34,80,77.85,80.34,98.09,98.57,93.69,78.43,92.09,84.92,93.55,87.05,100,44.27
2017_12_rv0,96.42,80,71.9,72.53,97.43,98.07,91.5,70.45,89.36,78.67,93.55,87.05,100,44.27
2017_12_rv1,94.95,80,71.79,72.53,97.43,98.06,91.46,70.45,89.28,78.67,90.78,81.98,100,44.27
2017_12_rv2,94.95,80,71.79,72.53,97.43,98.06,91.46,70.45,89.28,78.67,90.78,81.98,100,39.01
2017_12_rv3,94.41,80,70.06,71.56,96.33,97,90.19,68.88,87.96,60.2,89.4,76.98,100,39.01
2017_12_rv4,94.41,80,67.89,69.08,96.09,96.82,89.39,66.16,86.94,76.03,89.36,76.98,93.01,39.01
2018_01_rv0,95.3,80,68.02,69.68,97.09,97.82,90.07,66.16,87.57,76.03,87.62,74.01,88.59,39.01
2018_01_rv1,95.7,80,68.02,69.68,97.35,97.95,90.07,66.16,87.57,76.22,87.62,74.05,83.4,92.11
2018_01_rv2,96.11,80,68.02,69.68,97.35,97.95,90.07,66.05,87.57,76.22,84.37,74.05,83.4,92.11
2018_01_rv3,96.32,80,70.42,71.83,97.35,97.95,90.96,69.08,88.66,78.1,84.37,74.05,83.4,89.47
2018_02_rv0,96.32,80,71.25,72.74,97.35,98.03,91.26,70.11,89.05,78.1,88,86.53,83.4,89.47
2018_02_rv1,96.42,80,71.92,73.55,97.43,98.07,91.5,70.96,89.36,79.14,88,92.68,88.92,86.84
2018_02_rv2,96.73,80,73.92,75.84,97.65,98.25,92.24,73.48,90.3,81.44,88,94.06,89.8,89.47
2018_02_rv3,97.1,80,76.33,78.6,97.92,98.44,93.13,76.5,91.39,83.55,92.11,94.06,97.76,92.11
2018_03_rv0,97.48,80.6,78.75,81.37,98.18,98.64,94.02,79.53,92.52,85.67,92.11,96.68,97.76,92.11
2018_03_rv1,97.72,82.44,80.29,83.15,98.36,98.78,94.59,81.5,93.22,87.03,92.11,96.68,97.76,97.37
2018_03_rv2,97.94,84.12,81.69,84.74,98.51,98.89,95.1,83.25,93.84,88.3,92.14,96.68,97.76,97.37
2018_03_rv3,98.26,86.56,83.75,87.1,98.74,99.07,95.86,85.85,94.82,90.08,95.26,98.03,97.76,97.37
2018_03_rv4,98.62,89.36,86.08,89.79,99,99.26,96.72,88.77,95.71,92.15,98.03,98.03,97.76,97.37
2018_04_rv0,98.96,92,88.31,92.32,99.26,99.44,97.53,91.57,95.71,94.13,98.03,96.72,97.76,100
2018_04_rv1,99.2,93.84,89.85,94.1,99.43,99.58,98.11,93.52,95.71,95.49,98.03,96.72,97.76,100
2018_04_rv2,99.65,97.28,92.72,97.39,99.75,99.81,99.16,97.13,95.71,97.98,96.76,95.16,100,100
2018_04_rv3,99.85,98.88,94.05,98.92,99.89,99.92,99.65,98.81,95.71,99.15,95.36,95.16,100,100
2018_05_rv0,100,100,95,100,100,100,100,100,95.71,100,93.97,92.57,100,100
2018_05_rv1,100,100,95,100,100,100,100,100,95.71,100,92.58,92.61,100,100
2018_05_rv2,100,100,95,100,100,100,100,100,95.71,100,89.7,89.86,100,100
2018_05_rv3,100,100,95,100,100,100,100,100,95.71,100,88,89.82,100,100
2018_06_rv0,100,100,95,100,100,100,100,100,96.49,100,88,89.82,100,100
2018_06_rv1,100,100,95,100,100,100,100,100,98.83,100,88,89.16,100,100
2018_06_rv2,100,100,95,100,100,100,100,100,98.83,100,88.31,90.15,100,100
2018_06_rv3,100,100,95,100,100,100,100,100,99.22,100,88.95,91.46,100,100
2018_06_rv4,100,100,95,100,100,100,100,100,100,100,92.93,92.91,100,100
2018_07_rv0,100,100,95,100,100,100,100,100,100,100,94.38,94.35,100,100
2018_07_rv1,100,100,95,100,100,100,100,100,100,100,94.38,94.35,100,100
2018_07_rv2,100,100,95,100,100,100,100,100,100,100,94.19,93.08,100,100
2018_07_rv3,100,100,95,100,100,100,100,100,100,100,93.08,93.07,100,100
2018_08_rv0,100,100,95,100,100,100,100,100,100,100,96.62,96.62,100,100
2018_08_rv1,100,100,95,100,100,100,100,100,100,100,98.03,97.9,100,100
2018_08_rv2,100,100,95,100,100,100,100,100,100,100,98.03,97.9,100,100
2018_08_rv3,100,100,95,100,100,100,100,100,100,100,98.03,97.9,100,100
2018_08_rv4,100,100,95,100,100,100,100,100,100,100,98.03,97.9,100,100
2018_09_rv0,100,100,95,100,100,100,100,100,100,100,98.03,97.9,100,100
2018_09_rv1,100,100,95,100,100,100,100,100,100,100,95.64,95.67,100,100
2018_09_rv2,100,100,95,100,100,100,100,100,100,100,93.69,93.47,100,100
2018_09_rv3,100,100,95,100,100,100,100,100,100,100,91.47,91.46,100,100
2018_10_rv0,100,100,95,100,100,100,100,100,100,100,89.86,89.85,100,100
2018_10_rv1,100,100,95,100,100,100,100,100,100,100,93.08,93.07,100,100
2018_10_rv2,100,100,95,100,100,100,100,100,100,100,94.69,94.68,100,100
2018_10_rv3,100,100,95,100,100,100,100,100,100,100,96.94,96.95,100,100
2018_11_rv0,100,100,95,100,100,100,100,100,100,100,95.08,94.77,100,98.16
2018_11_rv1,99.93,99.48,94.56,99.5,99.95,99.96,99.84,99.46,99.81,99.62,95.08,94.77,100,97.37
2018_11_rv2,98.47,88.24,85.15,88.72,98.9,99.18,96.38,87.62,95.48,91.35,92.3,92.18,100,97.37
2018_11_rv3,96.99,80,75.55,77.71,97.83,98.38,92.85,75.54,91.04,82.89,92.3,92.18,100,97.37
2018_11_rv4,96.72,80,73.82,75.33,97.64,98.24,92.21,73.36,90.22,80.36,89.54,87.05,100,97.37
2018_12_rv0,95.47,80,71.06,72.57,97.33,98.01,91.18,69.87,90.22,80.36,89.54,87.05,100,97.37
2018_12_rv1,94.82,80,70.48,71.89,97.27,98.01,90.97,69.13,90.22,80.36,88.17,81.98,100,92.11
2018_12_rv2,94.82,80,70.48,71.89,97.27,97.96,90.97,69.13,88.31,78.43,88.17,81.98,89.29,92.11
2018_12_rv3,94.82,80,68.19,68.29,97.01,97.76,90.13,66.19,87.65,75.42,86.8,78.22,87.28,92.11
2019_01_rv0,94.77,80,60.61,68,95.96,96.72,88.6,65.16,86.4,55.36,86.8,78.22,87.28,92.11
2019_01_rv1,94.78,80,55.8,68,95.97,96.73,88.6,65.16,64.19,55.36,85.44,75.74,83.4,92.11
2019_01_rv2,95.85,80,68.21,69.3,97.01,97.76,89.81,66.3,87.65,76.32,85.44,75.74,83.4,92.11
2019_01_rv3,96,80,69.22,69.45,97.13,97.85,89.81,66.55,88.11,76.32,84.09,73.89,83.4,89.47
2019_02_rv0,96.75,80,70.53,71.97,97.66,97.96,91,69.21,88.7,78.48,84.09,73.89,83.4,84.21
2019_02_rv1,96.75,80,74.01,75.64,97.66,98.25,92.28,73.57,90.34,80.5,84.09,80.72,85.45,86.84
2019_02_rv2,96.93,80,75.21,77.33,97.79,98.35,92.72,75.09,91.7,84.12,84.09,87.05,91.98,94.74
2019_02_rv3,97.21,80,76.98,79.34,97.99,98.5,93.37,77.31,91.7,84.12,88.17,87.05,100,94.74
2019_03_rv0,97.54,81.12,79.16,81.85,98.24,98.68,94.17,80.09,92.6,86.04,88.17,94.06,100,94.74
2019_03_rv1,97.82,83.24,80.95,83.9,98.44,98.83,94.83,82.33,92.99,87.64,88.17,96.68,100,94.74
2019_03_rv2,98.11,85.48,82.83,86.05,98.64,98.99,95.52,84.68,94.15,89.29,89.54,96.68,100,94.74
2019_03_rv3,98.36,87.4,84.43,87.89,98.82,99.12,96.11,86.7,94.15,90.7,89.54,96.68,100,97.37
2019_03_rv4,98.64,89.52,86.22,89.94,99.02,99.27,96.77,88.95,94.54,92.29,95.08,98.03,100,97.37
2019_04_rv0,98.88,91.36,87.78,91.72,99.2,99.4,97.34,90.9,94.93,93.66,95.08,98.03,100,97.37
2019_04_rv1,99.24,94.2,90.13,94.41,99.46,99.6,98.21,93.86,95.71,95.72,95.08,96.72,100,100
2019_04_rv2,99.7,97.72,93.1,97.81,99.79,99.85,99.3,97.6,95.71,98.31,95.08,96.72,100,100
2019_04_rv3,99.92,99.36,94.47,99.4,99.94,99.95,99.81,99.33,95.71,99.53,90.92,95.42,100,100
2019_05_rv0,100,100,95,100,100,100,100,100,95.71,100,90.92,92.83,100,100
2019_05_rv1,100,100,95,100,100,100,100,100,95.71,100,88.17,92.83,100,100
2019_05_rv2,100,100,95,100,100,100,100,100,95.71,100,88.17,89.61,100,100
2019_05_rv3,100,100,95,100,100,100,100,100,95.71,100,85.44,89.61,100,100
2019_05_rv4,100,100,95,100,100,100,100,100,96.49,100,85.44,85.77,100,100
2019_06_rv0,100,100,95,100,100,100,100,100,98.83,100,85.44,85.77,100,100
2019_06_rv1,100,100,95,100,100,100,100,100,98.83,100,85.44,85.77,100,100
2019_06_rv2,100,100,95,100,100,100,100,100,99.22,100,86.8,87.05,100,100
2019_06_rv3,100,100,95,100,100,100,100,100,100,100,88.17,87.05,100,100
2019_07_rv0,100,100,95,100,100,100,100,100,100,100,88.17,89.61,100,100
2019_07_rv1,100,100,95,100,100,100,100,100,100,100,89.54,89.61,100,100
2019_07_rv2,100,100,95,100,100,100,100,100,100,100,89.54,90.89,100,100
2019_07_rv3,100,100,95,100,100,100,100,100,100,100,92.3,90.89,100,100
2019_08_rv0,100,100,95,100,100,100,100,100,100,100,92.3,95.42,100,100
2019_08_rv1,100,100,95,100,100,100,100,100,100,100,95.08,95.42,100,100
2019_08_rv2,100,100,95,100,100,100,100,100,100,100,95.08,98.03,100,100
2019_08_rv3,100,100,95,100,100,100,100,100,100,100,97.89,98.03,100,100
2019_08_rv4,100,100,95,100,100,100,100,100,100,100,97.89,98.03,100,100
2019_09_rv0,100,100,95,100,100,100,100,100,100,100,95.08,98.03,100,100
2019_09_rv1,100,100,95,100,100,100,100,100,100,100,95.08,95.42,100,100
2019_09_rv2,100,100,95,100,100,100,100,100,100,100,92.3,95.42,100,100
2019_09_rv3,100,100,95,100,100,100,100,100,100,100,92.3,95.42,100,100
2019_10_rv0,100,100,95,100,100,100,100,100,100,100,90.92,91.53,100,100
2019_10_rv1,100,100,95,100,100,100,100,100,100,100,90.92,90.89,100,100
2019_10_rv2,100,100,95,100,100,100,100,100,100,100,92.3,91.53,100,100
2019_10_rv3,100,100,95,100,100,100,100,100,100,100,95.78,95.42,100,100
2019_11_rv0,100,100,95,100,100,100,100,100,100,100,97.8,98.03,100,98.16
2019_11_rv1,99.98,99.84,94.89,99.86,99.98,99.99,99.96,99.86,99.96,99.91,97.8,98.03,100,97.37
2019_11_rv2,99.66,97.4,92.81,97.5,99.75,99.82,99.2,97.26,98.99,98.07,97.8,98.03,100,97.37
2019_11_rv3,98.27,86.68,83.84,87.21,98.76,99.08,95.9,85.96,94.86,90.18,97.8,98.03,100,97.37
2019_11_rv4,97.35,80,77.87,80.38,98.09,98.57,93.7,78.45,92.09,84.92,97.8,96.07,100,97.37
2019_12_rv0,96.44,80,72.02,72.66,97.44,98.08,91.54,70.67,89.4,78.76,94.15,96.07,100,97.37
2019_12_rv1,94.16,80,62.81,63.26,95.53,96.41,87.52,59.77,84.61,62.83,91.27,92.18,100,92.11
2019_12_rv2,92.62,80,62.57,62.97,95.5,96.38,87.43,59.44,84.49,41.26,89.11,87.05,100,92.11
2019_12_rv3,92.45,80,62.19,62.53,95.45,96.35,87.29,58.95,84.33,56.34,86.27,83.24,86.09,92.11
2020_01_rv0,92.84,80,61.84,62.14,95.41,96.32,87.16,58.52,84.18,70.68,86.27,80.72,83.87,92.11
2020_01_rv1,93.9,80,63.95,64.42,97.01,97.42,88.58,60.94,85.7,72.65,84.85,79.47,83.4,92.11
2020_01_rv2,94.31,80,67.97,69.01,97.01,97.76,90.05,65.97,87.65,76.17,83.72,76.36,83.4,92.11
2020_01_rv3,94.48,80,68.19,69.28,97.01,97.76,90.13,66.28,87.65,76.41,83.72,73.89,83.4,89.47
2020_01_rv4,95.18,80.8,70.55,71.83,97.83,98.04,90.96,69.08,89.2,78.38,83.72,73.89,83.4,84.21
2020_02_rv0,95.64,80,71.58,73.15,97.83,98.04,91.38,70.52,89.2,79.37,85.87,84.25,85.41,86.84
2020_02_rv1,95.88,80,74.62,76.65,97.83,98.3,92.5,74.35,90.61,82.05,87.44,87.94,88.66,89.47
2020_02_rv2,96.86,80,75.55,77.71,97.83,98.38,92.85,75.52,91.04,82.89,91.27,91.79,90.5,89.47
2020_02_rv3,97.33,80,78.17,80.73,98.19,98.6,93.81,78.83,92.24,85.2,91.27,91.79,92.65,94.74
2020_03_rv0,97.39,83.88,81.5,84.54,99.18,98.87,95.04,83.01,92.99,88.11,89.54,97.38,97.12,94.74
2020_03_rv1,97.5,86.08,83.4,86.69,99.31,99.04,95.73,85.4,94.54,89.8,89.48,98.03,97.12,94.74
2020_03_rv2,98.03,87.76,84.87,88.39,99.31,99.15,96.27,87.26,94.54,91.07,94.15,98.03,97.12,94.74
2020_03_rv3,98.63,89.44,86.77,90.58,99.31,99.32,96.97,89.64,94.93,92.76,97.8,98.03,97.12,94.74
2020_04_rv0,98.96,91.96,88.4,92.44,99.31,99.45,97.57,91.7,94.93,94.17,97.8,98.03,97.12,100
2020_04_rv1,99.3,94.6,90.46,94.8,99.49,99.62,98.33,94.3,95.32,96.01,97.8,98.03,100,100
2020_04_rv2,99.65,97.28,92.72,97.39,99.75,99.81,99.16,97.15,95.71,97.98,97.8,98.03,100,100
2020_04_rv3,100,100,95,100,100,100,100,100,95.71,100,97.07,98.03,100,100
2020_05_rv0,100,100,95,100,100,100,100,100,95.71,100,94.15,96.07,100,100
2020_05_rv1,100,100,95,100,100,100,100,100,95.71,100,91.6,90.89,100,100
2020_05_rv2,100,100,95,100,100,100,100,100,95.71,100,88.85,88.96,100,100
2020_05_rv3,100,100,95,100,100,100,100,100,95.71,100,86.12,88.32,100,100
2020_05_rv4,100,100,95,100,100,100,100,100,96.49,100,85.44,88.32,100,100
2020_06_rv0,100,100,95,100,100,100,100,100,98.83,100,85.44,88.32,100,100
2020_06_rv1,100,100,95,100,100,100,100,100,98.83,100,85.44,88.32,100,100
2020_06_rv2,100,100,95,100,100,100,100,100,99.22,100,87.62,88.32,100,100
2020_06_rv3,100,100,95,100,100,100,100,100,100,100,88.3,84.89,100,100
2020_07_rv0,100,100,95,100,100,100,100,100,100,100,88.99,89.09,100,100
2020_07_rv1,100,100,95,100,100,100,100,100,100,100,88.99,89.09,100,100
2020_07_rv2,100,100,95,100,100,100,100,100,100,100,91.6,91.41,100,100
2020_07_rv3,100,100,95,100,100,100,100,100,100,100,91.6,91.41,100,100
2020_07_rv4,100,100,95,100,100,100,100,100,100,100,91.6,91.92,100,100
2020_08_rv0,100,100,95,100,100,100,100,100,100,100,96.2,96.33,100,100
2020_08_rv1,100,100,95,100,100,100,100,100,100,100,97.88,98.03,100,100
2020_08_rv2,100,100,95,100,100,100,100,100,100,100,97.88,98.03,100,100
2020_08_rv3,100,100,95,100,100,100,100,100,100,100,97.88,98.03,100,100
2020_09_rv0,100,100,95,100,100,100,100,100,100,100,94.38,94.9,100,100
2020_09_rv1,100,100,95,100,100,100,100,100,100,100,94.38,94.38,100,100
2020_09_rv2,100,100,95,100,100,100,100,100,100,100,93.68,94.38,100,100
2020_09_rv3,100,100,95,100,100,100,100,100,100,100,93.68,96.18,100,100
2020_10_rv0,100,100,95,100,100,100,100,100,100,100,90.64,90.63,100,100
2020_10_rv1,100,100,95,100,100,100,100,100,100,100,90.64,90.63,100,100
2020_10_rv2,100,100,95,100,100,100,100,100,100,100,95.92,95.45,100,100
2020_10_rv3,100,100,95,100,100,100,100,100,100,100,95.92,95.45,100,100
2020_10_rv4,100,100,95,100,100,100,100,100,100,100,95.92,95.45,100,100
2020_11_rv0,100,100,90.99,100,100,100,100,100,100,100,95.92,95.42,100,98.16
2020_11_rv1,99.74,98,90.99,98.07,99.81,99.86,99.38,97.87,99.22,98.5,93.13,91.53,100,97.37
2020_11_rv2,98.94,91.8,88.14,92.15,99.23,99.43,97.48,91.37,96.84,93.98,93.13,91.53,100,97.37
2020_11_rv3,97.55,81.16,79.2,81.91,98.24,98.68,94.19,80.13,92.71,86.09,90.37,87.69,100,97.37
2020_12_rv0,96.64,80,73.35,74.48,97.59,98.2,92.03,72.74,90.02,79.93,90.37,87.69,100,97.37
2020_12_rv1,95.88,80,68.97,69.18,97.1,97.83,90.08,66.26,88,76.08,87.62,83.87,100,97.37
2020_12_rv2,95.64,80,67.97,68.02,96.98,97.75,89.95,64.98,87.53,75.19,87.62,83.87,87.35,92.11
2020_12_rv3,95.39,80,64.26,64.93,96.09,96.52,88.05,61.57,85.27,72.84,84.9,80.1,86.01,92.11
2021_01_rv0,95.85,80,68.12,69.34,96.12,96.84,89.47,66.43,87.06,76.22,84.9,80.1,86.01,92.11
2021_01_rv1,96.01,80,69.28,69.86,97.14,97.86,90.36,67,88.15,76.6,84.22,76.36,86.01,92.11
2021_01_rv2,96.06,80,69.56,69.86,97.17,97.88,90.36,67,88.27,76.6,84.22,76.36,83.4,92.11
2021_01_rv3,96.25,80,70.82,71.6,97.3,97.99,91.1,68.56,88.85,77.68,84.22,73.27,83.4,92.11
2021_01_rv4,96.71,80,72.02,73.65,97.43,98.08,91.54,71.06,89.4,79.75,84.22,73.27,86.32,89.47
2021_02_rv0,96.71,80,73.75,75.64,97.63,98.23,92.18,73.25,90.18,81.3,84.22,80.72,89.71,84.21
2021_02_rv1,97.37,80,78.04,80.56,98.11,98.58,93.75,78.65,92.17,85.06,86.94,87.05,100,86.84
2021_02_rv2,97.47,80.56,78.73,81.35,98.18,98.64,94.01,79.51,92.21,85.67,86.94,87.05,100,94.74
2021_02_rv3,97.74,82.6,78.73,83.3,98.38,98.79,94.64,81.66,92.6,87.17,87.62,93.47,100,94.74
2021_03_rv0,97.98,84.44,78.73,85.06,98.54,98.91,95.2,83.59,93.76,88.53,87.62,93.47,100,94.74
2021_03_rv1,98.21,86.2,79.45,86.77,98.71,99.04,95.75,85.47,93.76,89.85,87.62,98.69,100,94.74
2021_03_rv2,98.39,87.56,80.59,88.06,98.84,99.13,96.17,86.9,93.76,90.84,90.37,98.69,100,94.74
2021_03_rv3,98.61,89.28,82.02,89.71,99,99.25,96.7,88.7,94.15,92.11,90.37,98.69,100,97.37
2021_04_rv0,98.9,91.52,83.88,91.86,99.21,99.41,97.38,91.05,94.54,93.75,94.52,98.69,100,97.37
2021_04_rv1,99.11,93.16,85.27,93.44,99.36,99.53,97.9,92.82,94.93,94.97,94.52,98.69,100,97.37
2021_04_rv2,99.42,95.6,87.3,95.76,99.59,99.69,98.64,95.36,95.71,96.76,94.52,98.69,100,100
2021_04_rv3,99.86,98.96,90.12,98.99,99.9,99.92,99.67,98.88,95.71,99.2,91.06,98.69,100,100
2021_04_rv4,99.95,99.64,90.67,99.63,99.96,99.97,99.89,99.6,95.71,99.72,91.06,98.69,100,100
2021_05_rv0,100,100,90.99,100,100,100,100,100,95.71,100,88.31,92.18,100,100
2021_05_rv1,100,100,95,100,100,100,100,100,95.71,100,88.31,92.18,100,100
2021_05_rv2,100,100,95,100,100,100,100,100,95.71,100,85.58,88.32,100,100
2021_05_rv3,100,100,95,100,100,100,100,100,95.71,100,85.58,88.32,100,100
2021_06_rv0,100,100,95,100,100,100,100,100,96.49,100,85.58,88.32,100,100
2021_06_rv1,100,100,95,100,100,100,100,100,98.83,100,84.22,88.32,100,100
2021_06_rv2,100,100,95,100,100,100,100,100,98.83,100,84.22,88.32,100,100
2021_06_rv3,100,100,95,100,100,100,100,100,99.22,100,86.94,88.32,100,100
2021_07_rv0,100,100,95,100,100,100,100,100,100,100,89.68,89.61,100,100
2021_07_rv1,100,100,95,100,100,100,100,100,100,100,89.68,89.61,100,100
2021_07_rv2,100,100,95,100,100,100,100,100,100,100,89.68,89.61,100,100
2021_07_rv3,100,100,95,100,100,100,100,100,100,100,89.68,90.89,100,100
2021_07_rv4,100,100,95,100,100,100,100,100,100,100,92.44,90.89,100,100
2021_08_rv0,100,100,95,100,100,100,100,100,100,100,92.44,95.42,100,100
2021_08_rv1,100,100,95,100,100,100,100,100,100,100,95.22,95.42,100,100
2021_08_rv2,100,100,95,100,100,100,100,100,100,100,95.22,95.42,100,100
2021_08_rv3,100,100,95,100,100,100,100,100,100,100,92.44,95.42,100,100
2021_09_rv0,100,100,95,100,100,100,100,100,100,100,92.44,95.42,100,100
2021_09_rv1,100,100,95,100,100,100,100,100,100,100,89.68,89.61,100,100
2021_09_rv2,100,100,95,100,100,100,100,100,100,100,89.68,89.61,100,100
2021_09_rv3,100,100,95,100,100,100,100,100,100,100,92.44,92.83,100,100
2021_10_rv0,100,100,95,100,100,100,100,100,100,100,92.44,92.83,100,100
2021_10_rv1,100,100,95,100,100,100,100,100,100,100,92.44,91.53,100,100
2021_10_rv2,100,100,95,100,100,100,100,100,100,100,91.06,91.53,100,100
2021_10_rv3,100,100,95,100,100,100,100,100,100,100,92.44,92.83,100,100
2021_10_rv4,100,100,95,100,100,100,100,100,100,100,95.92,95.42,100,100
2021_11_rv0,100,100,90.99,100,100,100,100,100,100,100,96,95,100,98.16
2021_11_rv1,100,100,90.99,100,100,100,100,100,100,100,96,91,100,97.37
2021_11_rv2,98.59,89.2,81.94,89.63,98.99,99.25,96.67,88.61,95.83,92.01,93,91,100,97.37
2021_11_rv3,97.65,81.88,75.82,82.61,98.31,98.74,94.41,80.9,92.99,86.65,93,88,100,97.37
2021_12_rv0,96.03,80,65.42,69.7,97.15,97.87,90.23,66.82,88.19,76.5,90,88,100,97.37
2021_12_rv1,95.51,80,61.05,65.83,96.48,96.59,88.35,62.58,85.66,73.5,90,85,100,97.37
